{
    "criteria": {
        "": {
            "trigger": "tick",
            "conditions": {
                "player": [
                    {
                        "condition": "entity_scores",
                        "entity": "this",
                        "scores": {
                            "pi.talk": {
                                "min": 1
                            }
                        }
                    }
                ]
            }
        }
    },
    "rewards": {
        "function": "pi:mix/check"
    }
}