{
	"credit": "Made with Blockbench",
	"textures": {
		"0": "pi:item/noise_brown",
		"1": "pi:item/noise_dark_brown",
		"particle": "pi:item/noise_brown"
	},
	"elements": [
		{
			"from": [6, 0, 6],
			"to": [10, 1, 10],
			"faces": {
				"north": {"uv": [2.5, 3, 6.5, 4], "texture": "#1"},
				"east": {"uv": [2.5, 11, 6.5, 12], "texture": "#1"},
				"south": {"uv": [2, 4.5, 6, 5.5], "texture": "#1"},
				"west": {"uv": [8, 2, 12, 3], "texture": "#1"},
				"up": {"uv": [6, 4.5, 10, 8.5], "texture": "#0"},
				"down": {"uv": [10, 1.5, 14, 5.5], "texture": "#1"}
			}
		},
		{
			"from": [3.2, -0.7, 6],
			"to": [6.2, 0.3, 10],
			"rotation": {"angle": -22.5, "axis": "z", "origin": [8, 0, 8]},
			"faces": {
				"north": {"uv": [3, 14, 6, 15], "texture": "#1"},
				"east": {"uv": [6.5, 8, 10.5, 9], "texture": "#1"},
				"south": {"uv": [2.5, 3.5, 5.5, 4.5], "texture": "#1"},
				"west": {"uv": [11, 4, 15, 5], "texture": "#1"},
				"up": {"uv": [9.5, 1, 12.5, 5], "texture": "#0"},
				"down": {"uv": [3.5, 8.5, 6.5, 12.5], "texture": "#1"}
			}
		},
		{
			"from": [6, -0.7, 3.2],
			"to": [10, 0.3, 6.2],
			"rotation": {"angle": 22.5, "axis": "x", "origin": [8, 0, 8]},
			"faces": {
				"north": {"uv": [1, 12, 5, 13], "texture": "#1"},
				"east": {"uv": [0.5, 2.5, 3.5, 3.5], "texture": "#1"},
				"south": {"uv": [10, 1, 14, 2], "texture": "#1"},
				"west": {"uv": [1, 1, 4, 2], "texture": "#1"},
				"up": {"uv": [10.5, 8.5, 13.5, 12.5], "rotation": 90, "texture": "#0"},
				"down": {"uv": [10.5, 2, 13.5, 6], "rotation": 270, "texture": "#1"}
			}
		},
		{
			"from": [9.8, -0.7, 6],
			"to": [12.8, 0.3, 10],
			"rotation": {"angle": 22.5, "axis": "z", "origin": [8, 0, 8]},
			"faces": {
				"north": {"uv": [8, 1, 11, 2], "texture": "#1"},
				"east": {"uv": [10, 6.5, 14, 7.5], "texture": "#1"},
				"south": {"uv": [11, 1.5, 14, 2.5], "texture": "#1"},
				"west": {"uv": [3.5, 5.5, 7.5, 6.5], "texture": "#1"},
				"up": {"uv": [1.5, 9.5, 4.5, 13.5], "rotation": 180, "texture": "#0"},
				"down": {"uv": [11, 10.5, 14, 14.5], "rotation": 180, "texture": "#1"}
			}
		},
		{
			"from": [6, -0.7, 9.8],
			"to": [10, 0.3, 12.8],
			"rotation": {"angle": -22.5, "axis": "x", "origin": [8, 0, 8]},
			"faces": {
				"north": {"uv": [2.5, 14, 6.5, 15], "texture": "#1"},
				"east": {"uv": [10, 13, 13, 14], "texture": "#1"},
				"south": {"uv": [1, 10, 5, 11], "texture": "#1"},
				"west": {"uv": [5, 6, 8, 7], "texture": "#1"},
				"up": {"uv": [7, 6.5, 10, 10.5], "rotation": 270, "texture": "#0"},
				"down": {"uv": [6.5, 5.5, 9.5, 9.5], "rotation": 90, "texture": "#1"}
			}
		},
		{
			"from": [4, 1, 10],
			"to": [6, 2, 12],
			"rotation": {"angle": 0, "axis": "y", "origin": [5, 1.5, 11]},
			"faces": {
				"north": {"uv": [5, 10, 7, 11], "texture": "#0"},
				"east": {"uv": [8.5, 4, 10.5, 5], "texture": "#0"},
				"south": {"uv": [4.5, 7, 6.5, 8], "texture": "#1"},
				"west": {"uv": [11, 6.5, 13, 7.5], "texture": "#1"},
				"up": {"uv": [10.5, 3.5, 12.5, 5.5], "texture": "#0"},
				"down": {"uv": [8.5, 10, 10.5, 12], "texture": "#1"}
			}
		},
		{
			"from": [10, 1, 4],
			"to": [12, 2, 6],
			"rotation": {"angle": 0, "axis": "y", "origin": [11, 1.5, 5]},
			"faces": {
				"north": {"uv": [3.5, 5.5, 5.5, 6.5], "texture": "#1"},
				"east": {"uv": [11, 11, 13, 12], "texture": "#1"},
				"south": {"uv": [7.5, 3, 9.5, 4], "texture": "#0"},
				"west": {"uv": [4.5, 13, 6.5, 14], "texture": "#0"},
				"up": {"uv": [3, 5.5, 5, 7.5], "texture": "#0"},
				"down": {"uv": [8.5, 1.5, 10.5, 3.5], "texture": "#1"}
			}
		},
		{
			"from": [4, 1, 4],
			"to": [6, 2, 6],
			"rotation": {"angle": 0, "axis": "y", "origin": [5, 1.5, 5]},
			"faces": {
				"north": {"uv": [2.5, 13.5, 4.5, 14.5], "texture": "#1"},
				"east": {"uv": [5.5, 10.5, 7.5, 11.5], "texture": "#0"},
				"south": {"uv": [1, 9.5, 3, 10.5], "texture": "#0"},
				"west": {"uv": [8.5, 13, 10.5, 14], "texture": "#1"},
				"up": {"uv": [13.5, 8.5, 15.5, 10.5], "texture": "#0"},
				"down": {"uv": [7.5, 2, 9.5, 4], "texture": "#1"}
			}
		},
		{
			"from": [10, 1, 10],
			"to": [12, 2, 12],
			"rotation": {"angle": 0, "axis": "y", "origin": [5, 1.5, 5]},
			"faces": {
				"north": {"uv": [0.5, 13, 2.5, 14], "texture": "#0"},
				"east": {"uv": [5.5, 0, 7.5, 1], "texture": "#1"},
				"south": {"uv": [8, 15, 10, 16], "texture": "#1"},
				"west": {"uv": [0, 6.5, 2, 7.5], "texture": "#0"},
				"up": {"uv": [9, 5, 11, 7], "texture": "#0"},
				"down": {"uv": [2, 9.5, 4, 11.5], "texture": "#1"}
			}
		}
	],
	"display": {
		"head": {
			"rotation": [-180, 0, 0],
			"translation": [0, -43, 0],
			"scale": [2, 2, 2]
		}
	},
	"groups": [
		{
			"name": "dish",
			"origin": [8, 8, 8],
			"color": 2,
			"children": [0, 1, 2, 3, 4, 5, 6, 7, 8]
		}
	]
}