{
	"credit": "Made with Blockbench",
	"textures": {
		"0": "pi:item/noise_brown",
		"1": "pi:item/noise_dark_brown",
		"2": "pi:item/noise_white",
		"particle": "pi:item/noise_brown"
	},
	"elements": [
		{
			"from": [6, 0, 6],
			"to": [10, 1, 10],
			"faces": {
				"north": {"uv": [2.5, 3, 6.5, 4], "texture": "#1"},
				"east": {"uv": [2.5, 11, 6.5, 12], "texture": "#1"},
				"south": {"uv": [2, 4.5, 6, 5.5], "texture": "#1"},
				"west": {"uv": [8, 2, 12, 3], "texture": "#1"},
				"up": {"uv": [6, 4.5, 10, 8.5], "texture": "#0"},
				"down": {"uv": [10, 1.5, 14, 5.5], "texture": "#1"}
			}
		},
		{
			"from": [3.2, -0.7, 6],
			"to": [6.2, 0.3, 10],
			"rotation": {"angle": -22.5, "axis": "z", "origin": [8, 0, 8]},
			"faces": {
				"north": {"uv": [3, 14, 6, 15], "texture": "#1"},
				"east": {"uv": [6.5, 8, 10.5, 9], "texture": "#1"},
				"south": {"uv": [2.5, 3.5, 5.5, 4.5], "texture": "#1"},
				"west": {"uv": [11, 4, 15, 5], "texture": "#1"},
				"up": {"uv": [9.5, 1, 12.5, 5], "texture": "#0"},
				"down": {"uv": [3.5, 8.5, 6.5, 12.5], "texture": "#1"}
			}
		},
		{
			"from": [6, -0.7, 3.2],
			"to": [10, 0.3, 6.2],
			"rotation": {"angle": 22.5, "axis": "x", "origin": [8, 0, 8]},
			"faces": {
				"north": {"uv": [1, 12, 5, 13], "texture": "#1"},
				"east": {"uv": [0.5, 2.5, 3.5, 3.5], "texture": "#1"},
				"south": {"uv": [10, 1, 14, 2], "texture": "#1"},
				"west": {"uv": [1, 1, 4, 2], "texture": "#1"},
				"up": {"uv": [10.5, 8.5, 13.5, 12.5], "rotation": 90, "texture": "#0"},
				"down": {"uv": [10.5, 2, 13.5, 6], "rotation": 270, "texture": "#1"}
			}
		},
		{
			"from": [9.8, -0.7, 6],
			"to": [12.8, 0.3, 10],
			"rotation": {"angle": 22.5, "axis": "z", "origin": [8, 0, 8]},
			"faces": {
				"north": {"uv": [8, 1, 11, 2], "texture": "#1"},
				"east": {"uv": [10, 6.5, 14, 7.5], "texture": "#1"},
				"south": {"uv": [11, 1.5, 14, 2.5], "texture": "#1"},
				"west": {"uv": [3.5, 5.5, 7.5, 6.5], "texture": "#1"},
				"up": {"uv": [1.5, 9.5, 4.5, 13.5], "rotation": 180, "texture": "#0"},
				"down": {"uv": [11, 10.5, 14, 14.5], "rotation": 180, "texture": "#1"}
			}
		},
		{
			"from": [6, -0.7, 9.8],
			"to": [10, 0.3, 12.8],
			"rotation": {"angle": -22.5, "axis": "x", "origin": [8, 0, 8]},
			"faces": {
				"north": {"uv": [2.5, 14, 6.5, 15], "texture": "#1"},
				"east": {"uv": [10, 13, 13, 14], "texture": "#1"},
				"south": {"uv": [1, 10, 5, 11], "texture": "#1"},
				"west": {"uv": [5, 6, 8, 7], "texture": "#1"},
				"up": {"uv": [7, 6.5, 10, 10.5], "rotation": 270, "texture": "#0"},
				"down": {"uv": [6.5, 5.5, 9.5, 9.5], "rotation": 90, "texture": "#1"}
			}
		},
		{
			"from": [4, 1, 10],
			"to": [6, 2, 12],
			"rotation": {"angle": 0, "axis": "y", "origin": [5, 1.5, 11]},
			"faces": {
				"north": {"uv": [5, 10, 7, 11], "texture": "#0"},
				"east": {"uv": [8.5, 4, 10.5, 5], "texture": "#0"},
				"south": {"uv": [4.5, 7, 6.5, 8], "texture": "#1"},
				"west": {"uv": [11, 6.5, 13, 7.5], "texture": "#1"},
				"up": {"uv": [10.5, 3.5, 12.5, 5.5], "texture": "#0"},
				"down": {"uv": [8.5, 10, 10.5, 12], "texture": "#1"}
			}
		},
		{
			"from": [10, 1, 4],
			"to": [12, 2, 6],
			"rotation": {"angle": 0, "axis": "y", "origin": [11, 1.5, 5]},
			"faces": {
				"north": {"uv": [3.5, 5.5, 5.5, 6.5], "texture": "#1"},
				"east": {"uv": [11, 11, 13, 12], "texture": "#1"},
				"south": {"uv": [7.5, 3, 9.5, 4], "texture": "#0"},
				"west": {"uv": [4.5, 13, 6.5, 14], "texture": "#0"},
				"up": {"uv": [3, 5.5, 5, 7.5], "texture": "#0"},
				"down": {"uv": [8.5, 1.5, 10.5, 3.5], "texture": "#1"}
			}
		},
		{
			"from": [4, 1, 4],
			"to": [6, 2, 6],
			"rotation": {"angle": 0, "axis": "y", "origin": [5, 1.5, 5]},
			"faces": {
				"north": {"uv": [2.5, 13.5, 4.5, 14.5], "texture": "#1"},
				"east": {"uv": [5.5, 10.5, 7.5, 11.5], "texture": "#0"},
				"south": {"uv": [1, 9.5, 3, 10.5], "texture": "#0"},
				"west": {"uv": [8.5, 13, 10.5, 14], "texture": "#1"},
				"up": {"uv": [13.5, 8.5, 15.5, 10.5], "texture": "#0"},
				"down": {"uv": [7.5, 2, 9.5, 4], "texture": "#1"}
			}
		},
		{
			"from": [10, 1, 10],
			"to": [12, 2, 12],
			"rotation": {"angle": 0, "axis": "y", "origin": [5, 1.5, 5]},
			"faces": {
				"north": {"uv": [0.5, 13, 2.5, 14], "texture": "#0"},
				"east": {"uv": [5.5, 0, 7.5, 1], "texture": "#1"},
				"south": {"uv": [8, 15, 10, 16], "texture": "#1"},
				"west": {"uv": [0, 6.5, 2, 7.5], "texture": "#0"},
				"up": {"uv": [9, 5, 11, 7], "texture": "#0"},
				"down": {"uv": [2, 9.5, 4, 11.5], "texture": "#1"}
			}
		},
		{
			"from": [6.5, 1, 6.5],
			"to": [8.5, 3, 8.5],
			"rotation": {"angle": -45, "axis": "z", "origin": [8, 2, 7]},
			"faces": {
				"north": {"uv": [2.5, 2, 4.5, 4], "texture": "#2"},
				"east": {"uv": [4, 4.5, 6, 6.5], "texture": "#2"},
				"south": {"uv": [1.5, 6, 3.5, 8], "texture": "#2"},
				"west": {"uv": [10, 3.5, 12, 5.5], "texture": "#2"},
				"up": {"uv": [6.5, 4, 8.5, 6], "texture": "#2"},
				"down": {"uv": [8.5, 4.5, 10.5, 6.5], "texture": "#2"}
			}
		},
		{
			"from": [6, 0.91421, 8.74264],
			"to": [8, 2.91421, 10.74264],
			"rotation": {"angle": -45, "axis": "x", "origin": [7, 1.91421, 9.74264]},
			"faces": {
				"north": {"uv": [5.5, 3.5, 7.5, 5.5], "texture": "#2"},
				"east": {"uv": [6.5, 8, 8.5, 10], "texture": "#2"},
				"south": {"uv": [7, 2.5, 9, 4.5], "texture": "#2"},
				"west": {"uv": [0.5, 8, 2.5, 10], "texture": "#2"},
				"up": {"uv": [12.5, 7.5, 14.5, 9.5], "texture": "#2"},
				"down": {"uv": [2, 4.5, 4, 6.5], "texture": "#2"}
			}
		},
		{
			"from": [7.5, 1.3, 7.38268],
			"to": [9.5, 3.3, 9.38268],
			"rotation": {"angle": 22.5, "axis": "x", "origin": [9, 2.92388, 7.38268]},
			"faces": {
				"north": {"uv": [10, 3, 12, 5], "rotation": 180, "texture": "#2"},
				"east": {"uv": [13, 4.5, 15, 6.5], "rotation": 90, "texture": "#2"},
				"south": {"uv": [4, 7, 6, 9], "texture": "#2"},
				"west": {"uv": [9, 6, 11, 8], "rotation": 270, "texture": "#2"},
				"up": {"uv": [2.5, 12.5, 4.5, 14.5], "texture": "#2"},
				"down": {"uv": [8.5, 11, 10.5, 13], "rotation": 180, "texture": "#2"}
			}
		},
		{
			"from": [5.34358, 1.27269, 7],
			"to": [7.34358, 2.27269, 9],
			"rotation": {"angle": 22.5, "axis": "z", "origin": [6.34358, 0.77269, 8]},
			"faces": {
				"north": {"uv": [5, 1, 7, 2], "texture": "#2"},
				"east": {"uv": [13.5, 4.5, 15.5, 5.5], "texture": "#2"},
				"south": {"uv": [0, 1, 2, 2], "texture": "#2"},
				"west": {"uv": [0, 0, 2, 1], "texture": "#2"},
				"up": {"uv": [12.5, 4, 14.5, 6], "texture": "#2"},
				"down": {"uv": [6.5, 8, 8.5, 10], "texture": "#2"}
			}
		},
		{
			"from": [6, 0.8, 5],
			"to": [8, 1.8, 7],
			"rotation": {"angle": 22.5, "axis": "x", "origin": [8, 2, 7]},
			"faces": {
				"north": {"uv": [3, 10.5, 5, 11.5], "texture": "#2"},
				"east": {"uv": [3, 5.5, 5, 6.5], "texture": "#2"},
				"south": {"uv": [4.5, 12.5, 6.5, 13.5], "texture": "#2"},
				"west": {"uv": [1, 8, 3, 9], "texture": "#2"},
				"up": {"uv": [13.5, 8.5, 15.5, 10.5], "texture": "#2"},
				"down": {"uv": [0, 14, 2, 16], "texture": "#2"}
			}
		},
		{
			"from": [8, 1.2, 5.4588],
			"to": [10, 2.2, 7.4588],
			"rotation": {"angle": -22.5, "axis": "y", "origin": [9.30656, 1.5, 6.4588]},
			"faces": {
				"north": {"uv": [1.5, 2.5, 3.5, 3.5], "texture": "#2"},
				"east": {"uv": [11, 7.5, 13, 8.5], "texture": "#2"},
				"south": {"uv": [7, 13.5, 9, 14.5], "texture": "#2"},
				"west": {"uv": [8.5, 10, 10.5, 11], "texture": "#2"},
				"up": {"uv": [13, 2.5, 15, 4.5], "texture": "#2"},
				"down": {"uv": [1.5, 4.5, 3.5, 6.5], "texture": "#2"}
			}
		},
		{
			"from": [9, 1, 7],
			"to": [11, 2, 9],
			"rotation": {"angle": 0, "axis": "y", "origin": [8, 2, 7]},
			"faces": {
				"north": {"uv": [2.5, 1, 4.5, 2], "texture": "#2"},
				"east": {"uv": [4.5, 2, 6.5, 3], "texture": "#2"},
				"south": {"uv": [7.5, 2, 9.5, 3], "texture": "#2"},
				"west": {"uv": [6.5, 4.5, 8.5, 5.5], "texture": "#2"},
				"up": {"uv": [5, 9.5, 7, 11.5], "texture": "#2"},
				"down": {"uv": [9.5, 8, 11.5, 10], "texture": "#2"}
			}
		},
		{
			"from": [7.6, 1, 8],
			"to": [10.1, 2, 10],
			"rotation": {"angle": 22.5, "axis": "y", "origin": [9, 1.5, 9]},
			"faces": {
				"north": {"uv": [0.5, 7, 3, 8], "texture": "#2"},
				"east": {"uv": [4.5, 12, 6.5, 13], "texture": "#2"},
				"south": {"uv": [2, 6.5, 4.5, 7.5], "texture": "#2"},
				"west": {"uv": [8, 5.5, 10, 6.5], "texture": "#2"},
				"up": {"uv": [10.5, 10.5, 13, 12.5], "texture": "#2"},
				"down": {"uv": [11, 2, 13.5, 4], "texture": "#2"}
			}
		}
	],
	"display": {
		"thirdperson_righthand": {
			"rotation": [59, 0, 0],
			"translation": [-0.75, 6, 4.75]
		},
		"thirdperson_lefthand": {
			"rotation": [72, 0, 5],
			"translation": [-2.25, 5.5, 6.5]
		},
		"firstperson_righthand": {
			"rotation": [27, -19, 2],
			"translation": [7, 9.25, 1],
			"scale": [2, 2, 2]
		},
		"firstperson_lefthand": {
			"rotation": [40, -33, 25],
			"translation": [3.25, 9.25, -4],
			"scale": [2, 2, 2]
		},
		"ground": {
			"translation": [0, 5, 0]
		},
		"gui": {
			"rotation": [26, -25, 0],
			"translation": [0, 7.5, 0],
			"scale": [1.5, 1.5, 1.5]
		},
		"head": {
			"rotation": [123, -14, 10],
			"translation": [-0.75, -1.75, 5.75],
			"scale": [2, 2, 2]
		},
		"fixed": {
			"rotation": [0, 15, 0],
			"translation": [0, 4.25, -2.25],
			"scale": [1.5, 1.5, 1.5]
		}
	},
	"groups": [
		{
			"name": "dish",
			"origin": [8, 8, 8],
			"color": 2,
			"children": [0, 1, 2, 3, 4, 5, 6, 7, 8]
		},
		{
			"name": "cream",
			"origin": [8, 8, 8],
			"color": 0,
			"children": [9, 10, 11, 12, 13, 14, 15, 16]
		}
	]
}