{
	"credit": "Made with Blockbench",
	"textures": {
		"0": "pi:item/noise_white",
		"particle": "pi:item/noise_white"
	},
	"elements": [
		{
			"from": [6, 0, 6],
			"to": [10, 4, 10],
			"rotation": {"angle": 45, "axis": "y", "origin": [8, 2, 8]},
			"faces": {
				"north": {"uv": [12, 6, 16, 10], "texture": "#0"},
				"east": {"uv": [0, 12, 4, 16], "texture": "#0"},
				"south": {"uv": [7, 9.5, 11, 13.5], "texture": "#0"},
				"west": {"uv": [1, 2, 5, 6], "texture": "#0"},
				"up": {"uv": [8.5, 1.5, 12.5, 5.5], "texture": "#0"},
				"down": {"uv": [2, 7.5, 6, 11.5], "texture": "#0"}
			}
		}
	],
	"display": {
		"ground": {
			"translation": [0, 5, 0]
		},
		"head": {
			"translation": [0, 0.5, 0],
			"scale": [4, 4, 4]
		}
	}
}